total_revenue,missing_payment_leakage,partial_payment_leakage,total_leakage,leakage_percent
10331580.36,947845.9600000001,836237.6200000001,1784083.58,17.268254398981416
